2000,140.87,0,0,1
1999,139.35,1.3137,22.222,1
1998,138.72,1.8574,22.222,1
1997,138.23,2.2746,22.222,1
1996,137.83,2.6262,22.222,1
1995,137.47,2.9358,22.222,1
1994,137.14,3.2158,22.222,1
1993,136.84,3.4733,22.222,1
1992,136.56,3.7128,22.222,1
1991,136.3,3.9378,22.222,1
1990,136.05,4.1506,22.222,1
1989,135.82,4.3528,22.222,1
1988,135.59,4.5461,22.222,1
1987,135.38,4.7314,22.222,1
1986,135.17,4.9097,22.222,1
1985,134.97,5.0817,22.222,1
1984,134.78,5.2481,22.222,1
1983,134.59,5.4094,22.222,1
1982,134.41,5.5658,22.222,1
1981,134.23,5.7183,22.222,1
1980,134.06,5.8664,22.222,1
1979,133.89,6.0111,22.222,1
1978,133.73,6.1522,22.222,1
1977,133.56,6.2903,22.222,1
1976,133.41,6.4253,22.222,1
1975,133.25,6.5575,22.222,1
1974,133.1,6.6869,22.222,1
1973,132.95,6.8142,22.222,1
1972,132.81,6.9389,22.222,1
1971,132.67,7.0614,22.222,1
1970,132.53,7.1817,22.222,1
1969,132.39,7.3,22.222,1
1968,132.25,7.4167,22.222,1
1967,132.12,7.5314,22.222,1
1966,131.99,7.6442,22.222,1
1965,131.86,7.7556,22.222,1
1964,131.73,7.8653,22.222,1
1963,131.6,7.9733,22.222,1
1962,131.48,8.08,22.222,1
1961,131.35,8.1856,22.222,1
1960,131.23,8.2894,22.222,1
1959,131.11,8.3919,22.222,1
1958,130.99,8.4933,22.222,1
1957,130.88,8.5936,22.222,1
1956,130.76,8.6928,22.222,1
1955,130.65,8.7906,22.222,1
1954,130.53,8.8872,22.222,1
1953,130.42,8.9831,22.222,1
1952,130.31,9.0778,22.222,1
1951,130.2,9.1717,22.222,1
1950,130.09,9.2644,22.222,1
1949,129.99,9.3561,22.222,1
1948,129.88,9.4472,22.222,1
1947,129.77,9.5372,22.222,1
1946,129.67,9.6264,22.222,1
1945,129.57,9.7147,22.222,1
1944,129.46,9.8022,22.222,1
1943,129.36,9.8892,22.222,1
1942,129.26,9.9753,22.222,1
1941,129.16,10.061,22.222,1
1940,129.06,10.145,22.222,1
1939,128.96,10.229,22.222,1
1938,128.87,10.312,22.222,1
1937,128.77,10.394,22.222,1
1936,128.68,10.476,22.222,1
1935,128.58,10.557,22.222,1
1934,128.49,10.638,22.222,1
1933,128.39,10.718,22.222,1
1932,128.3,10.797,22.222,1
1931,128.21,10.876,22.222,1
1930,128.12,10.954,22.222,1
1929,128.02,11.032,22.222,1
1928,127.93,11.109,22.222,1
1927,127.84,11.185,22.222,1
1926,127.76,11.261,22.222,1
1925,127.67,11.337,22.222,1
1924,127.58,11.412,22.222,1
1923,127.49,11.486,22.222,1
1922,127.4,11.56,22.222,1
1921,127.32,11.634,22.222,1
1920,127.23,11.707,22.222,1
1919,127.15,11.779,22.222,1
1918,127.06,11.851,22.222,1
1917,126.98,11.923,22.222,1
1916,126.9,11.994,22.222,1
1915,126.81,12.065,22.222,1
1914,126.73,12.134,22.222,1
1913,126.65,12.203,22.222,1
1912,126.57,12.271,22.222,1
1911,126.48,12.338,22.222,1
1910,126.4,12.405,22.222,1
1909,126.32,12.471,22.222,1
1908,126.24,12.536,22.222,1
1907,126.16,12.6,22.222,1
1906,126.08,12.664,22.222,1
1905,126.01,12.727,22.222,1
1904,125.93,12.789,22.222,1
1903,125.85,12.851,22.222,1
1902,125.77,12.912,22.222,1
1901,125.69,12.973,22.222,1
1900,125.62,13.033,22.222,1
1899,125.54,13.093,22.222,1
1898,125.46,13.151,22.222,1
1897,125.39,13.21,22.222,1
1896,125.31,13.268,22.222,1
1895,125.24,13.325,22.222,1
1894,125.16,13.382,22.222,1
1893,125.09,13.438,22.222,1
1892,125.01,13.494,22.222,1
1891,124.94,13.549,22.222,1
1890,124.87,13.604,22.222,1
1889,124.79,13.659,22.222,1
1888,124.72,13.713,22.222,1
1887,124.65,13.766,22.222,1
1886,124.57,13.819,22.222,1
1885,124.5,13.872,22.222,1
1884,124.43,13.924,22.222,1
1883,124.36,13.976,22.222,1
1882,124.29,14.027,22.222,1
1881,124.22,14.078,22.222,1
1880,124.15,14.128,22.222,1
1879,124.07,14.177,22.222,1
1878,124,14.226,22.222,1
1877,123.93,14.274,22.222,1
1876,123.86,14.322,22.222,1
1875,123.79,14.37,22.222,1
1874,123.73,14.417,22.222,1
1873,123.66,14.463,22.222,1
1872,123.59,14.509,22.222,1
1871,123.52,14.555,22.222,1
1870,123.45,14.6,22.222,1
1869,123.38,14.644,22.222,1
1868,123.31,14.689,22.222,1
1867,123.24,14.732,22.222,1
1866,123.18,14.776,22.222,1
1865,123.11,14.819,22.222,1
1864,123.04,14.861,22.222,1
1863,122.97,14.904,22.222,1
1862,122.91,14.946,22.222,1
1861,122.84,14.987,22.222,1
1860,122.77,15.028,22.222,1
1859,122.71,15.069,22.222,1
1858,122.64,15.109,22.222,1
1857,122.58,15.149,22.222,1
1856,122.51,15.189,22.222,1
1855,122.44,15.229,22.222,1
1854,122.38,15.268,22.222,1
1853,122.31,15.307,22.222,1
1852,122.25,15.345,22.222,1
1851,122.18,15.383,22.222,1
1850,122.12,15.421,22.222,1
1849,122.05,15.459,22.222,1
1848,121.99,15.496,22.222,1
1847,121.92,15.533,22.222,1
1846,121.86,15.57,22.222,1
1845,121.8,15.606,22.222,1
1844,121.73,15.643,22.222,1
1843,121.67,15.678,22.222,1
1842,121.6,15.714,22.222,1
1841,121.54,15.749,22.222,1
1840,121.48,15.785,22.222,1
1839,121.41,15.82,22.222,1
1838,121.35,15.854,22.222,1
1837,121.29,15.889,22.222,1
1836,121.22,15.923,22.222,1
1835,121.16,15.957,22.222,1
1834,121.1,15.991,22.222,1
1833,121.04,16.024,22.222,1
1832,120.97,16.058,22.222,1
1831,120.91,16.091,22.222,1
1830,120.85,16.124,22.222,1
1829,120.79,16.156,22.222,1
1828,120.73,16.189,22.222,1
1827,120.66,16.221,22.222,1
1826,120.6,16.253,22.222,1
1825,120.54,16.285,22.222,1
1824,120.48,16.316,22.222,1
1823,120.42,16.348,22.222,1
1822,120.36,16.379,22.222,1
1821,120.3,16.41,22.222,1
1820,120.24,16.441,22.222,1
1819,120.18,16.472,22.222,1
1818,120.11,16.502,22.222,1
1817,120.05,16.532,22.222,1
1816,119.99,16.562,22.222,1
1815,119.93,16.592,22.222,1
1814,119.87,16.622,22.222,1
1813,119.81,16.652,22.222,1
1812,119.75,16.681,22.222,1
1811,119.69,16.711,22.222,1
1810,119.63,16.74,22.222,1
1809,119.57,16.769,22.222,1
1808,119.51,16.798,22.222,1
1807,119.45,16.826,22.222,1
1806,119.4,16.855,22.222,1
1805,119.34,16.883,22.222,1
1804,119.28,16.911,22.222,1
1803,119.22,16.939,22.222,1
1802,119.16,16.967,22.222,1
1801,119.1,16.995,22.222,1
1800,119.04,17.023,22.222,1
1799,118.98,17.05,22.222,1
1798,118.92,17.078,22.222,1
1797,118.87,17.105,22.222,1
1796,118.81,17.132,22.222,1
1795,118.75,17.159,22.222,1
1794,118.69,17.185,22.222,1
1793,118.63,17.212,22.222,1
1792,118.57,17.239,22.222,1
1791,118.52,17.265,22.222,1
1790,118.46,17.291,22.222,1
1789,118.4,17.317,22.222,1
1788,118.34,17.343,22.222,1
1787,118.29,17.369,22.222,1
1786,118.23,17.395,22.222,1
1785,118.17,17.42,22.222,1
1784,118.11,17.446,22.222,1
1783,118.06,17.471,22.222,1
1782,118,17.496,22.222,1
1781,117.94,17.522,22.222,1
1780,117.88,17.547,22.222,1
1779,117.83,17.572,22.222,1
1778,117.77,17.596,22.222,1
1777,117.71,17.621,22.222,1
1776,117.66,17.646,22.222,1
1775,117.6,17.67,22.222,1
1774,117.54,17.694,22.222,1
1773,117.49,17.719,22.222,1
1772,117.43,17.743,22.222,1
1771,117.37,17.767,22.222,1
1770,117.32,17.791,22.222,1
1769,117.26,17.814,22.222,1
1768,117.21,17.838,22.222,1
1767,117.15,17.862,22.222,1
1766,117.09,17.885,22.222,1
1765,117.04,17.909,22.222,1
1764,116.98,17.932,22.222,1
1763,116.93,17.955,22.222,1
1762,116.87,17.978,22.222,1
1761,116.82,18.001,22.222,1
1760,116.76,18.024,22.222,1
1759,116.7,18.047,22.222,1
1758,116.65,18.07,22.222,1
1757,116.59,18.092,22.222,1
1756,116.54,18.115,22.222,0
1755,116.48,18.113,22.222,0
1754,116.43,18.111,22.222,0
1753,116.37,18.109,22.222,0
1752,116.32,18.107,22.222,0
1751,116.26,18.104,22.222,0
1750,116.21,18.102,22.222,0
1749,116.15,18.1,22.222,0
1748,116.1,18.098,22.222,0
1747,116.04,18.096,22.222,0
1746,115.99,18.094,22.222,0
1745,115.93,18.092,22.222,0
1744,115.88,18.09,22.222,0
1743,115.82,18.088,22.222,0
1742,115.76,18.086,22.222,0
1741,115.71,18.084,22.222,0
1740,115.65,18.082,22.222,0
1739,115.6,18.079,22.222,0
1738,115.54,18.077,22.222,0
1737,115.49,18.075,22.222,0
1736,115.43,18.073,22.222,0
1735,115.38,18.071,22.222,0
1734,115.32,18.069,22.222,0
1733,115.27,18.067,22.222,0
1732,115.21,18.065,22.222,0
1731,115.16,18.063,22.222,0
1730,115.1,18.061,22.222,0
1729,115.05,18.059,22.222,0
1728,114.99,18.057,22.222,0
1727,114.93,18.054,22.222,0
1726,114.88,18.053,22.222,0
1725,114.82,18.05,22.222,0
1724,114.77,18.048,22.222,0
1723,114.71,18.046,22.222,0
1722,114.66,18.044,22.222,0
1721,114.6,18.042,22.222,0
1720,114.55,18.04,22.222,0
1719,114.49,18.038,22.222,0
1718,114.44,18.036,22.222,0
1717,114.38,18.034,22.222,0
1716,114.33,18.031,22.222,0
1715,114.27,18.029,22.222,0
1714,114.21,18.027,22.222,0
1713,114.16,18.025,22.222,0
1712,114.1,18.023,22.222,0
1711,114.05,18.021,22.222,0
1710,113.99,18.019,22.222,0
1709,113.94,18.017,22.222,0
1708,113.88,18.015,22.222,0
1707,113.83,18.013,22.222,0
1706,113.77,18.011,22.222,0
1705,113.71,18.009,22.222,0
1704,113.66,18.006,22.222,0
1703,113.6,18.004,22.222,0
1702,113.55,18.002,22.222,0
1701,113.49,18,22.222,0
1700,113.44,17.998,22.222,0
1699,113.38,17.996,22.222,0
1698,113.33,17.994,22.222,0
1697,113.27,17.992,22.222,0
1696,113.21,17.99,22.222,0
1695,113.16,17.988,22.222,0
1694,113.1,17.986,22.222,0
1693,113.05,17.984,22.222,0
1692,112.99,17.981,22.222,0
1691,112.94,17.979,22.222,0
1690,112.88,17.977,22.222,0
1689,112.83,17.975,22.222,0
1688,112.77,17.973,22.222,0
1687,112.71,17.971,22.222,0
1686,112.66,17.969,22.222,0
1685,112.6,17.967,22.222,0
1684,112.55,17.965,22.222,0
1683,112.49,17.963,22.222,0
1682,112.44,17.961,22.222,0
1681,112.38,17.958,22.222,0
1680,112.32,17.956,22.222,0
1679,112.27,17.954,22.222,0
1678,112.21,17.952,22.222,0
1677,112.16,17.95,22.222,0
1676,112.1,17.948,22.222,0
1675,112.05,17.946,22.222,0
1674,111.99,17.944,22.222,0
1673,111.93,17.942,22.222,0
1672,111.88,17.94,22.222,0
1671,111.82,17.938,22.222,0
1670,111.77,17.936,22.222,0
1669,111.71,17.933,22.222,0
1668,111.66,17.931,22.222,0
1667,111.6,17.929,22.222,0
1666,111.54,17.927,22.222,0
1665,111.49,17.925,22.222,0
1664,111.43,17.923,22.222,0
1663,111.38,17.921,22.222,0
1662,111.32,17.919,22.222,0
1661,111.27,17.917,22.222,0
1660,111.21,17.915,22.222,0
1659,111.15,17.912,22.222,0
1658,111.1,17.911,22.222,0
1657,111.04,17.908,22.222,0
1656,110.99,17.906,22.222,0
1655,110.93,17.904,22.222,0
1654,110.87,17.902,22.222,0
1653,110.82,17.9,22.222,0
1652,110.76,17.898,22.222,0
1651,110.71,17.896,22.222,0
1650,110.65,17.894,22.222,0
1649,110.59,17.892,22.222,0
1648,110.54,17.889,22.222,0
1647,110.48,17.887,22.222,0
1646,110.43,17.885,22.222,0
1645,110.37,17.883,22.222,0
1644,110.32,17.881,22.222,0
1643,110.26,17.879,22.222,0
1642,110.2,17.877,22.222,0
1641,110.15,17.875,22.222,0
1640,110.09,17.873,22.222,0
1639,110.04,17.871,22.222,0
1638,109.98,17.869,22.222,0
1637,109.92,17.867,22.222,0
1636,109.87,17.864,22.222,0
1635,109.81,17.863,22.222,0
1634,109.76,17.86,22.222,0
1633,109.7,17.858,22.222,0
1632,109.64,17.856,22.222,0
1631,109.59,17.854,22.222,0
1630,109.53,17.852,22.222,0
1629,109.48,17.85,22.222,0
1628,109.42,17.848,22.222,0
1627,109.36,17.846,22.222,0
1626,109.31,17.844,22.222,0
1625,109.25,17.841,22.222,0
1624,109.2,17.839,22.222,0
1623,109.14,17.837,22.222,0
1622,109.08,17.835,22.222,0
1621,109.03,17.833,22.222,0
1620,108.97,17.831,22.222,0
1619,108.92,17.829,22.222,0
1618,108.86,17.827,22.222,0
1617,108.8,17.825,22.222,0
1616,108.75,17.823,22.222,0
1615,108.69,17.821,22.222,0
1614,108.63,17.819,22.222,0
1613,108.58,17.816,22.222,0
1612,108.52,17.814,22.222,0
1611,108.47,17.812,22.222,0
1610,108.41,17.81,22.222,0
1609,108.35,17.808,22.222,0
1608,108.3,17.806,22.222,0
1607,108.24,17.804,22.222,0
1606,108.19,17.802,22.222,0
1605,108.13,17.8,22.222,0
1604,108.07,17.797,22.222,0
1603,108.02,17.796,22.222,0
1602,107.96,17.793,22.222,0
1601,107.9,17.791,22.222,0
1600,107.85,17.789,22.222,0
1599,107.79,17.787,22.222,0
1598,107.74,17.785,22.222,0
1597,107.68,17.783,22.222,0
1596,107.62,17.781,22.222,0
1595,107.57,17.779,22.222,0
1594,107.51,17.777,22.222,0
1593,107.45,17.775,22.222,0
1592,107.4,17.773,22.222,0
1591,107.34,17.771,22.222,0
1590,107.29,17.768,22.222,0
1589,107.23,17.766,22.222,0
1588,107.17,17.764,22.222,0
1587,107.12,17.762,22.222,0
1586,107.06,17.76,22.222,0
1585,107,17.758,22.222,0
1584,106.95,17.756,22.222,0
1583,106.89,17.754,22.222,0
1582,106.84,17.752,22.222,0
1581,106.78,17.749,22.222,0
1580,106.72,17.747,22.222,0
1579,106.67,17.745,22.222,0
1578,106.61,17.743,22.222,0
1577,106.55,17.741,22.222,0
1576,106.5,17.739,22.222,0
1575,106.44,17.737,22.222,0
1574,106.38,17.735,22.222,0
1573,106.33,17.733,22.222,0
1572,106.27,17.731,22.222,0
1571,106.22,17.729,22.222,0
1570,106.16,17.727,22.222,0
1569,106.1,17.724,22.222,0
1568,106.05,17.722,22.222,0
1567,105.99,17.72,22.222,0
1566,105.93,17.718,22.222,0
1565,105.88,17.716,22.222,0
1564,105.82,17.714,22.222,0
1563,105.76,17.712,22.222,0
1562,105.71,17.71,22.222,0
1561,105.65,17.708,22.222,0
1560,105.59,17.706,22.222,0
1559,105.54,17.704,22.222,0
1558,105.48,17.701,22.222,0
1557,105.43,17.699,22.222,0
1556,105.37,17.697,22.222,0
1555,105.31,17.695,22.222,0
1554,105.26,17.693,22.222,0
1553,105.2,17.691,22.222,0
1552,105.14,17.689,22.222,0
1551,105.09,17.687,22.222,0
1550,105.03,17.685,22.222,0
1549,104.97,17.682,22.222,0
1548,104.92,17.681,22.222,0
1547,104.86,17.678,22.222,0
1546,104.8,17.676,22.222,0
1545,104.75,17.674,22.222,0
1544,104.69,17.672,22.222,0
1543,104.63,17.67,22.222,0
1542,104.58,17.668,22.222,0
1541,104.52,17.666,22.222,0
1540,104.46,17.664,22.222,0
1539,104.41,17.662,22.222,0
1538,104.35,17.66,22.222,0
1537,104.29,17.657,22.222,0
1536,104.24,17.655,22.222,0
1535,104.18,17.653,22.222,0
1534,104.12,17.651,22.222,0
1533,104.07,17.649,22.222,0
1532,104.01,17.647,22.222,0
1531,103.95,17.645,22.222,0
1530,103.9,17.643,22.222,0
1529,103.84,17.641,22.222,0
1528,103.78,17.639,22.222,0
1527,103.73,17.637,22.222,0
1526,103.67,17.634,22.222,0
1525,103.61,17.633,22.222,0
1524,103.56,17.63,22.222,0
1523,103.5,17.628,22.222,0
1522,103.44,17.626,22.222,0
1521,103.39,17.624,22.222,0
1520,103.33,17.622,22.222,0
1519,103.27,17.62,22.222,0
1518,103.22,17.618,22.222,0
1517,103.16,17.616,22.222,0
1516,103.1,17.614,22.222,0
1515,103.05,17.611,22.222,0
1514,102.99,17.609,22.222,0
1513,102.93,17.607,22.222,0
1512,102.88,17.605,22.222,0
1511,102.82,17.603,22.222,0
1510,102.76,17.601,22.222,0
1509,102.71,17.599,22.222,0
1508,102.65,17.597,22.222,0
1507,102.59,17.595,22.222,0
1506,102.53,17.592,22.222,0
1505,102.48,17.591,22.222,0
1504,102.42,17.588,22.222,0
1503,102.36,17.586,22.222,0
1502,102.31,17.584,22.222,0
1501,102.25,17.582,22.222,0
1500,102.19,17.58,22.222,0
1499,102.14,17.578,22.222,0
1498,102.08,17.576,22.222,0
1497,102.02,17.574,22.222,0
1496,101.97,17.572,22.222,0
1495,101.91,17.569,22.222,0
1494,101.85,17.567,22.222,0
1493,101.8,17.565,22.222,0
1492,101.74,17.563,22.222,0
1491,101.68,17.561,22.222,0
1490,101.62,17.559,22.222,0
1489,101.57,17.557,22.222,0
1488,101.51,17.555,22.222,0
1487,101.45,17.553,22.222,0
1486,101.4,17.551,22.222,0
1485,101.34,17.549,22.222,0
1484,101.28,17.547,22.222,0
1483,101.23,17.544,22.222,0
1482,101.17,17.542,22.222,0
1481,101.11,17.54,22.222,0
1480,101.05,17.538,22.222,0
1479,101,17.536,22.222,0
1478,100.94,17.534,22.222,0
1477,100.88,17.532,22.222,0
1476,100.83,17.53,22.222,0
1475,100.77,17.528,22.222,0
1474,100.71,17.526,22.222,0
1473,100.66,17.524,22.222,0
1472,100.6,17.521,22.222,0
1471,100.54,17.519,22.222,0
1470,100.48,17.517,22.222,0
1469,100.43,17.515,22.222,0
1468,100.37,17.513,22.222,0
1467,100.31,17.511,22.222,0
1466,100.26,17.509,22.222,0
1465,100.2,17.507,22.222,0
1464,100.14,17.505,22.222,0
1463,100.08,17.503,22.222,0
1462,100.03,17.501,22.222,0
1461,99.97,17.498,22.222,0
1460,99.913,17.496,22.222,0
1459,99.856,17.494,22.222,0
1458,99.799,17.492,22.222,0
1457,99.741,17.49,22.222,0
1456,99.684,17.488,22.222,0
1455,99.627,17.486,22.222,0
1454,99.57,17.484,22.222,0
1453,99.513,17.482,22.222,0
1452,99.455,17.479,22.222,0
1451,99.398,17.477,22.222,0
1450,99.341,17.475,22.222,0
1449,99.284,17.473,22.222,0
1448,99.227,17.471,22.222,0
1447,99.169,17.469,22.222,0
1446,99.112,17.467,22.222,0
1445,99.055,17.465,22.222,0
1444,98.998,17.463,22.222,0
1443,98.94,17.461,22.222,0
1442,98.883,17.459,22.222,0
1441,98.826,17.456,22.222,0
1440,98.768,17.454,22.222,0
1439,98.711,17.452,22.222,0
1438,98.654,17.45,22.222,0
1437,98.597,17.448,22.222,0
1436,98.539,17.446,22.222,0
1435,98.482,17.444,22.222,0
1434,98.425,17.442,22.222,0
1433,98.367,17.44,22.222,0
1432,98.31,17.438,22.222,0
1431,98.253,17.436,22.222,0
1430,98.195,17.433,22.222,0
1429,98.138,17.431,22.222,0
1428,98.08,17.429,22.222,0
1427,98.023,17.427,22.222,0
1426,97.966,17.425,22.222,0
1425,97.908,17.423,22.222,0
1424,97.851,17.421,22.222,0
1423,97.793,17.419,22.222,0
1422,97.736,17.417,22.222,0
1421,97.679,17.414,22.222,0
1420,97.621,17.413,22.222,0
1419,97.564,17.41,22.222,0
1418,97.506,17.408,22.222,0
1417,97.449,17.406,22.222,0
1416,97.391,17.404,22.222,0
1415,97.334,17.402,22.222,0
1414,97.277,17.4,22.222,0
1413,97.219,17.398,22.222,0
1412,97.162,17.396,22.222,0
1411,97.104,17.394,22.222,0
1410,97.047,17.391,22.222,0
1409,96.989,17.389,22.222,0
1408,96.932,17.387,22.222,0
1407,96.874,17.385,22.222,0
1406,96.817,17.383,22.222,0
1405,96.759,17.381,22.222,0
1404,96.701,17.379,22.222,0
1403,96.644,17.377,22.222,0
1402,96.586,17.375,22.222,0
1401,96.529,17.372,22.222,0
1400,96.471,17.371,22.222,0
1399,96.414,17.368,22.222,0
1398,96.356,17.366,22.222,0
1397,96.298,17.364,22.222,0
1396,96.241,17.362,22.222,0
1395,96.183,17.36,22.222,0
1394,96.126,17.358,22.222,0
1393,96.068,17.356,22.222,0
1392,96.01,17.354,22.222,0
1391,95.953,17.352,22.222,0
1390,95.895,17.349,22.222,0
1389,95.838,17.347,22.222,0
1388,95.78,17.345,22.222,0
1387,95.722,17.343,22.222,0
1386,95.665,17.341,22.222,0
1385,95.607,17.339,22.222,0
1384,95.549,17.337,22.222,0
1383,95.492,17.335,22.222,0
1382,95.434,17.333,22.222,0
1381,95.376,17.331,22.222,0
1380,95.318,17.328,22.222,0
1379,95.261,17.326,22.222,0
1378,95.203,17.324,22.222,0
1377,95.145,17.322,22.222,0
1376,95.088,17.32,22.222,0
1375,95.03,17.318,22.222,0
1374,94.972,17.316,22.222,0
1373,94.914,17.314,22.222,0
1372,94.857,17.312,22.222,0
1371,94.799,17.309,22.222,0
1370,94.741,17.308,22.222,0
1369,94.683,17.305,22.222,0
1368,94.625,17.303,22.222,0
1367,94.568,17.301,22.222,0
1366,94.51,17.299,22.222,0
1365,94.452,17.297,22.222,0
1364,94.394,17.295,22.222,0
1363,94.336,17.293,22.222,0
1362,94.279,17.291,22.222,0
1361,94.221,17.289,22.222,0
1360,94.163,17.286,22.222,0
1359,94.105,17.284,22.222,0
1358,94.047,17.282,22.222,0
1357,93.989,17.28,22.222,0
1356,93.931,17.278,22.222,0
1355,93.874,17.276,22.222,0
1354,93.816,17.274,22.222,0
1353,93.758,17.272,22.222,0
1352,93.7,17.27,22.222,0
1351,93.642,17.267,22.222,0
1350,93.584,17.266,22.222,0
1349,93.526,17.263,22.222,0
1348,93.468,17.261,22.222,0
1347,93.41,17.259,22.222,0
1346,93.352,17.257,22.222,0
1345,93.294,17.255,22.222,0
1344,93.236,17.253,22.222,0
1343,93.178,17.251,22.222,0
1342,93.12,17.249,22.222,0
1341,93.062,17.247,22.222,0
1340,93.004,17.244,22.222,0
1339,92.946,17.242,22.222,0
1338,92.888,17.24,22.222,0
1337,92.83,17.238,22.222,0
1336,92.772,17.236,22.222,0
1335,92.714,17.234,22.222,0
1334,92.656,17.232,22.222,0
1333,92.598,17.23,22.222,0
1332,92.54,17.228,22.222,0
1331,92.482,17.226,22.222,0
1330,92.424,17.223,22.222,0
1329,92.366,17.221,22.222,0
1328,92.308,17.219,22.222,0
1327,92.25,17.217,22.222,0
1326,92.192,17.215,22.222,0
1325,92.134,17.213,22.222,0
1324,92.076,17.211,22.222,0
1323,92.018,17.209,22.222,0
1322,91.96,17.207,22.222,0
1321,91.901,17.204,22.222,0
1320,91.843,17.203,22.222,0
1319,91.785,17.2,22.222,0
1318,91.727,17.198,22.222,0
1317,91.669,17.196,22.222,0
1316,91.611,17.194,22.222,0
1315,91.553,17.192,22.222,0
1314,91.494,17.19,22.222,0
1313,91.436,17.188,22.222,0
1312,91.378,17.186,22.222,0
1311,91.32,17.184,22.222,0
1310,91.262,17.181,22.222,0
1309,91.203,17.179,22.222,0
1308,91.145,17.177,22.222,0
1307,91.087,17.175,22.222,0
1306,91.029,17.173,22.222,0
1305,90.971,17.171,22.222,0
1304,90.912,17.169,22.222,0
1303,90.854,17.167,22.222,0
1302,90.796,17.165,22.222,0
1301,90.738,17.162,22.222,0
1300,90.679,17.161,22.222,0
1299,90.621,17.158,22.222,0
1298,90.563,17.156,22.222,0
1297,90.504,17.154,22.222,0
1296,90.446,17.152,22.222,0
1295,90.388,17.15,22.222,0
1294,90.329,17.148,22.222,0
1293,90.271,17.146,22.222,0
1292,90.213,17.144,22.222,0
1291,90.154,17.141,22.222,0
1290,90.096,17.139,22.222,0
1289,90.038,17.137,22.222,0
1288,89.979,17.135,22.222,0
1287,89.921,17.133,22.222,0
1286,89.863,17.131,22.222,0
1285,89.804,17.129,22.222,0
1284,89.746,17.127,22.222,0
1283,89.688,17.125,22.222,0
1282,89.629,17.122,22.222,0
1281,89.571,17.121,22.222,0
1280,89.512,17.118,22.222,0
1279,89.454,17.116,22.222,0
1278,89.395,17.114,22.222,0
1277,89.337,17.112,22.222,0
1276,89.279,17.11,22.222,0
1275,89.22,17.108,22.222,0
1274,89.162,17.106,22.222,0
1273,89.103,17.104,22.222,0
1272,89.045,17.102,22.222,0
1271,88.986,17.099,22.222,0
1270,88.928,17.097,22.222,0
1269,88.869,17.095,22.222,0
1268,88.811,17.093,22.222,0
1267,88.752,17.091,22.222,0
1266,88.694,17.089,22.222,0
1265,88.635,17.087,22.222,0
1264,88.577,17.085,22.222,0
1263,88.518,17.082,22.222,0
1262,88.46,17.081,22.222,0
1261,88.401,17.078,22.222,0
1260,88.343,17.076,22.222,0
1259,88.284,17.074,22.222,0
1258,88.225,17.072,22.222,0
1257,88.167,17.07,22.222,0
1256,88.108,17.068,22.222,0
1255,88.05,17.066,22.222,0
1254,87.991,17.064,22.222,0
1253,87.932,17.062,22.222,0
1252,87.874,17.059,22.222,0
1251,87.815,17.057,22.222,0
1250,87.757,17.055,22.222,0
1249,87.698,17.053,22.222,0
1248,87.639,17.051,22.222,0
1247,87.581,17.049,22.222,0
1246,87.522,17.047,22.222,0
1245,87.463,17.045,22.222,0
1244,87.405,17.043,22.222,0
1243,87.346,17.041,22.222,0
1242,87.287,17.038,22.222,0
1241,87.229,17.036,22.222,0
1240,87.17,17.034,22.222,0
1239,87.111,17.032,22.222,0
1238,87.052,17.03,22.222,0
1237,86.994,17.028,22.222,0
1236,86.935,17.026,22.222,0
1235,86.876,17.024,22.222,0
1234,86.818,17.022,22.222,0
1233,86.759,17.019,22.222,0
1232,86.7,17.017,22.222,0
1231,86.641,17.015,22.222,0
1230,86.582,17.013,22.222,0
1229,86.524,17.011,22.222,0
1228,86.465,17.009,22.222,0
1227,86.406,17.007,22.222,0
1226,86.347,17.005,22.222,0
1225,86.289,17.003,22.222,0
1224,86.23,17.001,22.222,0
1223,86.171,16.998,22.222,0
1222,86.112,16.996,22.222,0
1221,86.053,16.994,22.222,0
1220,85.994,16.992,22.222,0
1219,85.935,16.99,22.222,0
1218,85.877,16.988,22.222,0
1217,85.818,16.986,22.222,0
1216,85.759,16.984,22.222,0
1215,85.7,16.982,22.222,0
1214,85.641,16.979,22.222,0
1213,85.582,16.977,22.222,0
1212,85.523,16.975,22.222,0
1211,85.464,16.973,22.222,0
1210,85.405,16.971,22.222,0
1209,85.347,16.969,22.222,0
1208,85.288,16.967,22.222,0
1207,85.229,16.965,22.222,0
1206,85.17,16.962,22.222,0
1205,85.111,16.961,22.222,0
1204,85.052,16.958,22.222,0
1203,84.993,16.956,22.222,0
1202,84.934,16.954,22.222,0
1201,84.875,16.952,22.222,0
1200,84.816,16.95,22.222,0
1199,84.757,16.948,22.222,0
1198,84.698,16.946,22.222,0
1197,84.639,16.944,22.222,0
1196,84.58,16.942,22.222,0
1195,84.521,16.939,22.222,0
1194,84.462,16.937,22.222,0
1193,84.403,16.935,22.222,0
1192,84.344,16.933,22.222,0
1191,84.285,16.931,22.222,0
1190,84.226,16.929,22.222,0
1189,84.166,16.927,22.222,0
1188,84.107,16.925,22.222,0
1187,84.048,16.922,22.222,0
1186,83.989,16.921,22.222,0
1185,83.93,16.918,22.222,0
1184,83.871,16.916,22.222,0
1183,83.812,16.914,22.222,0
1182,83.753,16.912,22.222,0
1181,83.694,16.91,22.222,0
1180,83.634,16.908,22.222,0
1179,83.575,16.906,22.222,0
1178,83.516,16.904,22.222,0
1177,83.457,16.901,22.222,0
1176,83.398,16.899,22.222,0
1175,83.339,16.897,22.222,0
1174,83.279,16.895,22.222,0
1173,83.22,16.893,22.222,0
1172,83.161,16.891,22.222,0
1171,83.102,16.889,22.222,0
1170,83.043,16.887,22.222,0
1169,82.983,16.885,22.222,0
1168,82.924,16.883,22.222,0
1167,82.865,16.88,22.222,0
1166,82.806,16.878,22.222,0
1165,82.746,16.876,22.222,0
1164,82.687,16.874,22.222,0
1163,82.628,16.872,22.222,0
1162,82.569,16.87,22.222,0
1161,82.509,16.868,22.222,0
1160,82.45,16.866,22.222,0
1159,82.391,16.864,22.222,0
1158,82.331,16.861,22.222,0
1157,82.272,16.859,22.222,0
1156,82.213,16.857,22.222,0
1155,82.154,16.855,22.222,0
1154,82.094,16.853,22.222,0
1153,82.035,16.851,22.222,0
1152,81.976,16.849,22.222,0
1151,81.916,16.847,22.222,0
1150,81.857,16.844,22.222,0
1149,81.797,16.843,22.222,0
1148,81.738,16.84,22.222,0
1147,81.679,16.838,22.222,0
1146,81.619,16.836,22.222,0
1145,81.56,16.834,22.222,0
1144,81.5,16.832,22.222,0
1143,81.441,16.83,22.222,0
1142,81.382,16.828,22.222,0
1141,81.322,16.826,22.222,0
1140,81.263,16.823,22.222,0
1139,81.203,16.821,22.222,0
1138,81.144,16.819,22.222,0
1137,81.084,16.817,22.222,0
1136,81.025,16.815,22.222,0
1135,80.965,16.813,22.222,0
1134,80.906,16.811,22.222,0
1133,80.846,16.809,22.222,0
1132,80.787,16.807,22.222,0
1131,80.727,16.804,22.222,0
1130,80.668,16.802,22.222,0
1129,80.608,16.8,22.222,0
1128,80.549,16.798,22.222,0
1127,80.489,16.796,22.222,0
1126,80.43,16.794,22.222,0
1125,80.37,16.792,22.222,0
1124,80.311,16.79,22.222,0
1123,80.251,16.788,22.222,0
1122,80.192,16.786,22.222,0
1121,80.132,16.783,22.222,0
1120,80.072,16.781,22.222,0
1119,80.013,16.779,22.222,0
1118,79.953,16.777,22.222,0
1117,79.894,16.775,22.222,0
1116,79.834,16.773,22.222,0
1115,79.774,16.771,22.222,0
1114,79.715,16.769,22.222,0
1113,79.655,16.766,22.222,0
1112,79.595,16.764,22.222,0
1111,79.536,16.762,22.222,0
1110,79.476,16.76,22.222,0
1109,79.417,16.758,22.222,0
1108,79.357,16.756,22.222,0
1107,79.297,16.754,22.222,0
1106,79.237,16.752,22.222,0
1105,79.178,16.75,22.222,0
1104,79.118,16.747,22.222,0
1103,79.058,16.745,22.222,0
1102,78.999,16.743,22.222,0
1101,78.939,16.741,22.222,0
1100,78.879,16.739,22.222,0
1099,78.819,16.737,22.222,0
1098,78.76,16.735,22.222,0
1097,78.7,16.733,22.222,0
1096,78.64,16.731,22.222,0
1095,78.58,16.729,22.222,0
1094,78.521,16.726,22.222,0
1093,78.461,16.724,22.222,0
1092,78.401,16.722,22.222,0
1091,78.341,16.72,22.222,0
1090,78.281,16.718,22.222,0
1089,78.222,16.716,22.222,0
1088,78.162,16.714,22.222,0
1087,78.102,16.712,22.222,0
1086,78.042,16.709,22.222,0
1085,77.982,16.707,22.222,0
1084,77.922,16.705,22.222,0
1083,77.862,16.703,22.222,0
1082,77.803,16.701,22.222,0
1081,77.743,16.699,22.222,0
1080,77.683,16.697,22.222,0
1079,77.623,16.695,22.222,0
1078,77.563,16.692,22.222,0
1077,77.503,16.691,22.222,0
1076,77.443,16.688,22.222,0
1075,77.383,16.686,22.222,0
1074,77.323,16.684,22.222,0
1073,77.263,16.682,22.222,0
1072,77.203,16.68,22.222,0
1071,77.143,16.678,22.222,0
1070,77.084,16.676,22.222,0
1069,77.024,16.674,22.222,0
1068,76.964,16.671,22.222,0
1067,76.904,16.669,22.222,0
1066,76.844,16.667,22.222,0
1065,76.784,16.665,22.222,0
1064,76.724,16.663,22.222,0
1063,76.664,16.661,22.222,0
1062,76.604,16.659,22.222,0
1061,76.544,16.657,22.222,0
1060,76.483,16.654,22.222,0
1059,76.423,16.652,22.222,0
1058,76.363,16.65,22.222,0
1057,76.303,16.648,22.222,0
1056,76.243,16.646,22.222,0
1055,76.183,16.644,22.222,0
1054,76.123,16.642,22.222,0
1053,76.063,16.64,22.222,0
1052,76.003,16.637,22.222,0
1051,75.943,16.636,22.222,0
1050,75.883,16.633,22.222,0
1049,75.823,16.631,22.222,0
1048,75.762,16.629,22.222,0
1047,75.702,16.627,22.222,0
1046,75.642,16.625,22.222,0
1045,75.582,16.623,22.222,0
1044,75.522,16.621,22.222,0
1043,75.462,16.619,22.222,0
1042,75.401,16.616,22.222,0
1041,75.341,16.614,22.222,0
1040,75.281,16.612,22.222,0
1039,75.221,16.61,22.222,0
1038,75.161,16.608,22.222,0
1037,75.1,16.606,22.222,0
1036,75.04,16.604,22.222,0
1035,74.98,16.602,22.222,0
1034,74.92,16.599,22.222,0
1033,74.86,16.598,22.222,0
1032,74.799,16.595,22.222,0
1031,74.739,16.593,22.222,0
1030,74.679,16.591,22.222,0
1029,74.618,16.589,22.222,0
1028,74.558,16.587,22.222,0
1027,74.498,16.585,22.222,0
1026,74.438,16.582,22.222,0
1025,74.377,16.581,22.222,0
1024,74.317,16.578,22.222,0
1023,74.257,16.576,22.222,0
1022,74.196,16.574,22.222,0
1021,74.136,16.572,22.222,0
1020,74.076,16.57,22.222,0
1019,74.015,16.568,22.222,0
1018,73.955,16.566,22.222,0
1017,73.895,16.564,22.222,0
1016,73.834,16.561,22.222,0
1015,73.774,16.559,22.222,0
1014,73.713,16.557,22.222,0
1013,73.653,16.555,22.222,0
1012,73.593,16.553,22.222,0
1011,73.532,16.551,22.222,0
1010,73.472,16.549,22.222,0
1009,73.411,16.547,22.222,0
1008,73.351,16.544,22.222,0
1007,73.29,16.543,22.222,0
1006,73.23,16.54,22.222,0
1005,73.169,16.538,22.222,0
1004,73.109,16.536,22.222,0
1003,73.049,16.534,22.222,0
1002,72.988,16.532,22.222,0
1001,72.928,16.53,22.222,0
1000,72.867,16.527,22.222,0
999,72.807,16.526,22.222,0
998,72.746,16.523,22.222,0
997,72.685,16.521,22.222,0
996,72.625,16.519,22.222,0
995,72.564,16.517,22.222,0
994,72.504,16.515,22.222,0
993,72.443,16.513,22.222,0
992,72.383,16.511,22.222,0
991,72.322,16.509,22.222,0
990,72.262,16.506,22.222,0
989,72.201,16.504,22.222,0
988,72.14,16.502,22.222,0
987,72.08,16.5,22.222,0
986,72.019,16.498,22.222,0
985,71.959,16.496,22.222,0
984,71.898,16.494,22.222,0
983,71.837,16.492,22.222,0
982,71.777,16.489,22.222,0
981,71.716,16.487,22.222,0
980,71.655,16.485,22.222,0
979,71.595,16.483,22.222,0
978,71.534,16.481,22.222,0
977,71.473,16.479,22.222,0
976,71.413,16.477,22.222,0
975,71.352,16.475,22.222,0
974,71.291,16.473,22.222,0
973,71.231,16.471,22.222,0
972,71.17,16.468,22.222,0
971,71.109,16.466,22.222,0
970,71.048,16.464,22.222,0
969,70.988,16.462,22.222,0
968,70.927,16.46,22.222,0
967,70.866,16.458,22.222,0
966,70.805,16.456,22.222,0
965,70.745,16.454,22.222,0
964,70.684,16.451,22.222,0
963,70.623,16.449,22.222,0
962,70.562,16.447,22.222,0
961,70.501,16.445,22.222,0
960,70.441,16.443,22.222,0
959,70.38,16.441,22.222,0
958,70.319,16.439,22.222,0
957,70.258,16.437,22.222,0
956,70.197,16.434,22.222,0
955,70.136,16.432,22.222,0
954,70.076,16.43,22.222,0
953,70.015,16.428,22.222,0
952,69.954,16.426,22.222,0
951,69.893,16.424,22.222,0
950,69.832,16.422,22.222,0
949,69.771,16.419,22.222,0
948,69.71,16.418,22.222,0
947,69.649,16.415,22.222,0
946,69.588,16.413,22.222,0
945,69.528,16.411,22.222,0
944,69.467,16.409,22.222,0
943,69.406,16.407,22.222,0
942,69.345,16.405,22.222,0
941,69.284,16.402,22.222,0
940,69.223,16.401,22.222,0
939,69.162,16.398,22.222,0
938,69.101,16.396,22.222,0
937,69.04,16.394,22.222,0
936,68.979,16.392,22.222,0
935,68.918,16.39,22.222,0
934,68.857,16.388,22.222,0
933,68.796,16.386,22.222,0
932,68.735,16.384,22.222,0
931,68.674,16.381,22.222,0
930,68.613,16.379,22.222,0
929,68.552,16.377,22.222,0
928,68.49,16.375,22.222,0
927,68.429,16.373,22.222,0
926,68.368,16.371,22.222,0
925,68.307,16.369,22.222,0
924,68.246,16.367,22.222,0
923,68.185,16.364,22.222,0
922,68.124,16.362,22.222,0
921,68.063,16.36,22.222,0
920,68.002,16.358,22.222,0
919,67.941,16.356,22.222,0
918,67.879,16.354,22.222,0
917,67.818,16.352,22.222,0
916,67.757,16.35,22.222,0
915,67.696,16.348,22.222,0
914,67.635,16.345,22.222,0
913,67.574,16.343,22.222,0
912,67.512,16.341,22.222,0
911,67.451,16.339,22.222,0
910,67.39,16.337,22.222,0
909,67.329,16.335,22.222,0
908,67.268,16.332,22.222,0
907,67.206,16.331,22.222,0
906,67.145,16.328,22.222,0
905,67.084,16.326,22.222,0
904,67.023,16.324,22.222,0
903,66.961,16.322,22.222,0
902,66.9,16.32,22.222,0
901,66.839,16.318,22.222,0
900,66.777,16.316,22.222,0
899,66.716,16.314,22.222,0
898,66.655,16.311,22.222,0
897,66.594,16.309,22.222,0
896,66.532,16.307,22.222,0
895,66.471,16.305,22.222,0
894,66.41,16.303,22.222,0
893,66.348,16.301,22.222,0
892,66.287,16.299,22.222,0
891,66.226,16.297,22.222,0
890,66.164,16.294,22.222,0
889,66.103,16.292,22.222,0
888,66.041,16.29,22.222,0
887,65.98,16.288,22.222,0
886,65.919,16.286,22.222,0
885,65.857,16.284,22.222,0
884,65.796,16.282,22.222,0
883,65.734,16.279,22.222,0
882,65.673,16.277,22.222,0
881,65.611,16.275,22.222,0
880,65.55,16.273,22.222,0
879,65.489,16.271,22.222,0
878,65.427,16.269,22.222,0
877,65.366,16.267,22.222,0
876,65.304,16.265,22.222,0
875,65.243,16.262,22.222,0
874,65.181,16.261,22.222,0
873,65.12,16.258,22.222,0
872,65.058,16.256,22.222,0
871,64.997,16.254,22.222,0
870,64.935,16.252,22.222,0
869,64.874,16.25,22.222,0
868,64.812,16.248,22.222,0
867,64.75,16.246,22.222,0
866,64.689,16.243,22.222,0
865,64.627,16.241,22.222,0
864,64.566,16.239,22.222,0
863,64.504,16.237,22.222,0
862,64.443,16.235,22.222,0
861,64.381,16.233,22.222,0
860,64.319,16.231,22.222,0
859,64.258,16.229,22.222,0
858,64.196,16.226,22.222,0
857,64.135,16.224,22.222,0
856,64.073,16.222,22.222,0
855,64.011,16.22,22.222,0
854,63.95,16.218,22.222,0
853,63.888,16.216,22.222,0
852,63.826,16.214,22.222,0
851,63.765,16.212,22.222,0
850,63.703,16.209,22.222,0
849,63.641,16.207,22.222,0
848,63.579,16.205,22.222,0
847,63.518,16.203,22.222,0
846,63.456,16.201,22.222,0
845,63.394,16.199,22.222,0
844,63.333,16.197,22.222,0
843,63.271,16.194,22.222,0
842,63.209,16.192,22.222,0
841,63.147,16.19,22.222,0
840,63.086,16.188,22.222,0
839,63.024,16.186,22.222,0
838,62.962,16.184,22.222,0
837,62.9,16.182,22.222,0
836,62.838,16.18,22.222,0
835,62.777,16.177,22.222,0
834,62.715,16.176,22.222,0
833,62.653,16.173,22.222,0
832,62.591,16.171,22.222,0
831,62.529,16.169,22.222,0
830,62.467,16.167,22.222,0
829,62.406,16.165,22.222,0
828,62.344,16.163,22.222,0
827,62.282,16.161,22.222,0
826,62.22,16.158,22.222,0
825,62.158,16.156,22.222,0
824,62.096,16.154,22.222,0
823,62.034,16.152,22.222,0
822,61.972,16.15,22.222,0
821,61.91,16.148,22.222,0
820,61.848,16.146,22.222,0
819,61.787,16.144,22.222,0
818,61.725,16.141,22.222,0
817,61.663,16.139,22.222,0
816,61.601,16.137,22.222,0
815,61.539,16.135,22.222,0
814,61.477,16.133,22.222,0
813,61.415,16.131,22.222,0
812,61.353,16.129,22.222,0
811,61.291,16.126,22.222,0
810,61.229,16.124,22.222,0
809,61.167,16.122,22.222,0
808,61.105,16.12,22.222,0
807,61.043,16.118,22.222,0
806,60.981,16.116,22.222,0
805,60.919,16.114,22.222,0
804,60.856,16.112,22.222,0
803,60.794,16.109,22.222,0
802,60.732,16.107,22.222,0
801,60.67,16.105,22.222,0
800,60.608,16.103,22.222,0
799,60.546,16.101,22.222,0
798,60.484,16.099,22.222,0
797,60.422,16.097,22.222,0
796,60.36,16.094,22.222,0
795,60.298,16.093,22.222,0
794,60.235,16.09,22.222,0
793,60.173,16.088,22.222,0
792,60.111,16.086,22.222,0
791,60.049,16.084,22.222,0
790,59.987,16.082,22.222,0
789,59.925,16.08,22.222,0
788,59.862,16.078,22.222,0
787,59.8,16.076,22.222,0
786,59.738,16.073,22.222,0
785,59.676,16.071,22.222,0
784,59.613,16.069,22.222,0
783,59.551,16.067,22.222,0
782,59.489,16.065,22.222,0
781,59.427,16.063,22.222,0
780,59.364,16.061,22.222,0
779,59.302,16.058,22.222,0
778,59.24,16.056,22.222,0
777,59.178,16.054,22.222,0
776,59.115,16.052,22.222,0
775,59.053,16.05,22.222,0
774,58.991,16.048,22.222,0
773,58.928,16.046,22.222,0
772,58.866,16.044,22.222,0
771,58.804,16.041,22.222,0
770,58.741,16.039,22.222,0
769,58.679,16.037,22.222,0
768,58.617,16.035,22.222,0
767,58.554,16.033,22.222,0
766,58.492,16.031,22.222,0
765,58.43,16.029,22.222,0
764,58.367,16.026,22.222,0
763,58.305,16.024,22.222,0
762,58.242,16.022,22.222,0
761,58.18,16.02,22.222,0
760,58.118,16.018,22.222,0
759,58.055,16.016,22.222,0
758,57.993,16.014,22.222,0
757,57.93,16.011,22.222,0
756,57.868,16.009,22.222,0
755,57.805,16.007,22.222,0
754,57.743,16.005,22.222,0
753,57.68,16.003,22.222,0
752,57.618,16.001,22.222,0
751,57.555,15.999,22.222,0
750,57.493,15.997,22.222,0
749,57.43,15.994,22.222,0
748,57.368,15.992,22.222,0
747,57.305,15.99,22.222,0
746,57.243,15.988,22.222,0
745,57.18,15.986,22.222,0
744,57.118,15.984,22.222,0
743,57.055,15.982,22.222,0
742,56.992,15.979,22.222,0
741,56.93,15.977,22.222,0
740,56.867,15.975,22.222,0
739,56.805,15.973,22.222,0
738,56.742,15.971,22.222,0
737,56.679,15.969,22.222,0
736,56.617,15.967,22.222,0
735,56.554,15.965,22.222,0
734,56.492,15.963,22.222,0
733,56.429,15.96,22.222,0
732,56.366,15.958,22.222,0
731,56.304,15.956,22.222,0
730,56.241,15.954,22.222,0
729,56.178,15.952,22.222,0
728,56.115,15.95,22.222,0
727,56.053,15.947,22.222,0
726,55.99,15.946,22.222,0
725,55.927,15.943,22.222,0
724,55.865,15.941,22.222,0
723,55.802,15.939,22.222,0
722,55.739,15.937,22.222,0
721,55.676,15.935,22.222,0
720,55.614,15.932,22.222,0
719,55.551,15.931,22.222,0
718,55.488,15.928,22.222,0
717,55.425,15.926,22.222,0
716,55.363,15.924,22.222,0
715,55.3,15.922,22.222,0
714,55.237,15.92,22.222,0
713,55.174,15.918,22.222,0
712,55.111,15.916,22.222,0
711,55.048,15.913,22.222,0
710,54.986,15.911,22.222,0
709,54.923,15.909,22.222,0
708,54.86,15.907,22.222,0
707,54.797,15.905,22.222,0
706,54.734,15.903,22.222,0
705,54.671,15.901,22.222,0
704,54.608,15.899,22.222,0
703,54.545,15.896,22.222,0
702,54.483,15.894,22.222,0
701,54.42,15.892,22.222,0
700,54.357,15.89,22.222,0
699,54.294,15.888,22.222,0
698,54.231,15.886,22.222,0
697,54.168,15.884,22.222,0
696,54.105,15.881,22.222,0
695,54.042,15.879,22.222,0
694,53.979,15.877,22.222,0
693,53.916,15.875,22.222,0
692,53.853,15.873,22.222,0
691,53.79,15.871,22.222,0
690,53.727,15.869,22.222,0
689,53.664,15.866,22.222,0
688,53.601,15.864,22.222,0
687,53.538,15.862,22.222,0
686,53.475,15.86,22.222,0
685,53.412,15.858,22.222,0
684,53.349,15.856,22.222,0
683,53.286,15.854,22.222,0
682,53.223,15.851,22.222,0
681,53.159,15.849,22.222,0
680,53.096,15.847,22.222,0
679,53.033,15.845,22.222,0
678,52.97,15.843,22.222,0
677,52.907,15.841,22.222,0
676,52.844,15.839,22.222,0
675,52.781,15.837,22.222,0
674,52.718,15.834,22.222,0
673,52.654,15.832,22.222,0
672,52.591,15.83,22.222,0
671,52.528,15.828,22.222,0
670,52.465,15.826,22.222,0
669,52.402,15.824,22.222,0
668,52.338,15.822,22.222,0
667,52.275,15.819,22.222,0
666,52.212,15.817,22.222,0
665,52.149,15.815,22.222,0
664,52.086,15.813,22.222,0
663,52.022,15.811,22.222,0
662,51.959,15.809,22.222,0
661,51.896,15.807,22.222,0
660,51.833,15.804,22.222,0
659,51.769,15.803,22.222,0
658,51.706,15.8,22.222,0
657,51.643,15.798,22.222,0
656,51.579,15.796,22.222,0
655,51.516,15.794,22.222,0
654,51.453,15.792,22.222,0
653,51.389,15.789,22.222,0
652,51.326,15.787,22.222,0
651,51.263,15.785,22.222,0
650,51.199,15.783,22.222,0
649,51.136,15.781,22.222,0
648,51.073,15.779,22.222,0
647,51.009,15.777,22.222,0
646,50.946,15.774,22.222,0
645,50.883,15.772,22.222,0
644,50.819,15.77,22.222,0
643,50.756,15.768,22.222,0
642,50.692,15.766,22.222,0
641,50.629,15.764,22.222,0
640,50.565,15.762,22.222,0
639,50.502,15.76,22.222,0
638,50.438,15.757,22.222,0
637,50.375,15.755,22.222,0
636,50.312,15.753,22.222,0
635,50.248,15.751,22.222,0
634,50.185,15.749,22.222,0
633,50.121,15.747,22.222,0
632,50.058,15.745,22.222,0
631,49.994,15.742,22.222,0
630,49.931,15.74,22.222,0
629,49.867,15.738,22.222,0
628,49.803,15.736,22.222,0
627,49.74,15.734,22.222,0
626,49.676,15.732,22.222,0
625,49.613,15.73,22.222,0
624,49.549,15.727,22.222,0
623,49.486,15.725,22.222,0
622,49.422,15.723,22.222,0
621,49.358,15.721,22.222,0
620,49.295,15.719,22.222,0
619,49.231,15.717,22.222,0
618,49.168,15.715,22.222,0
617,49.104,15.712,22.222,0
616,49.04,15.71,22.222,0
615,48.977,15.708,22.222,0
614,48.913,15.706,22.222,0
613,48.849,15.704,22.222,0
612,48.786,15.702,22.222,0
611,48.722,15.7,22.222,0
610,48.658,15.697,22.222,0
609,48.594,15.695,22.222,0
608,48.531,15.693,22.222,0
607,48.467,15.691,22.222,0
606,48.403,15.689,22.222,0
605,48.34,15.687,22.222,0
604,48.276,15.685,22.222,0
603,48.212,15.682,22.222,0
602,48.148,15.681,22.222,0
601,48.084,15.678,22.222,0
600,48.021,15.676,22.222,0
599,47.957,15.674,22.222,0
598,47.893,15.672,22.222,0
597,47.829,15.67,22.222,0
596,47.765,15.667,22.222,0
595,47.702,15.666,22.222,0
594,47.638,15.663,22.222,0
593,47.574,15.661,22.222,0
592,47.51,15.659,22.222,0
591,47.446,15.657,22.222,0
590,47.382,15.655,22.222,0
589,47.318,15.652,22.222,0
588,47.255,15.651,22.222,0
587,47.191,15.648,22.222,0
586,47.127,15.646,22.222,0
585,47.063,15.644,22.222,0
584,46.999,15.642,22.222,0
583,46.935,15.64,22.222,0
582,46.871,15.637,22.222,0
581,46.807,15.636,22.222,0
580,46.743,15.633,22.222,0
579,46.679,15.631,22.222,0
578,46.615,15.629,22.222,0
577,46.551,15.627,22.222,0
576,46.487,15.625,22.222,0
575,46.423,15.622,22.222,0
574,46.359,15.621,22.222,0
573,46.295,15.618,22.222,0
572,46.231,15.616,22.222,0
571,46.167,15.614,22.222,0
570,46.103,15.612,22.222,0
569,46.039,15.61,22.222,0
568,45.975,15.607,22.222,0
567,45.911,15.606,22.222,0
566,45.847,15.603,22.222,0
565,45.783,15.601,22.222,0
564,45.719,15.599,22.222,0
563,45.654,15.597,22.222,0
562,45.59,15.595,22.222,0
561,45.526,15.593,22.222,0
560,45.462,15.591,22.222,0
559,45.398,15.588,22.222,0
558,45.334,15.586,22.222,0
557,45.27,15.584,22.222,0
556,45.205,15.582,22.222,0
555,45.141,15.58,22.222,0
554,45.077,15.578,22.222,0
553,45.013,15.575,22.222,0
552,44.949,15.573,22.222,0
551,44.884,15.571,22.222,0
550,44.82,15.569,22.222,0
549,44.756,15.567,22.222,0
548,44.692,15.565,22.222,0
547,44.627,15.562,22.222,0
546,44.563,15.56,22.222,0
545,44.499,15.558,22.222,0
544,44.435,15.556,22.222,0
543,44.37,15.554,22.222,0
542,44.306,15.552,22.222,0
541,44.242,15.55,22.222,0
540,44.177,15.547,22.222,0
539,44.113,15.545,22.222,0
538,44.049,15.543,22.222,0
537,43.984,15.541,22.222,0
536,43.92,15.539,22.222,0
535,43.856,15.537,22.222,0
534,43.791,15.535,22.222,0
533,43.727,15.533,22.222,0
532,43.663,15.53,22.222,0
531,43.598,15.528,22.222,0
530,43.534,15.526,22.222,0
529,43.469,15.524,22.222,0
528,43.405,15.522,22.222,0
527,43.341,15.52,22.222,0
526,43.276,15.518,22.222,0
525,43.212,15.515,22.222,0
524,43.147,15.513,22.222,0
523,43.083,15.511,22.222,0
522,43.018,15.509,22.222,0
521,42.954,15.507,22.222,0
520,42.889,15.505,22.222,0
519,42.825,15.502,22.222,0
518,42.76,15.5,22.222,0
517,42.696,15.498,22.222,0
516,42.631,15.496,22.222,0
515,42.567,15.494,22.222,0
514,42.502,15.492,22.222,0
513,42.438,15.489,22.222,0
512,42.373,15.488,22.222,0
511,42.308,15.485,22.222,0
510,42.244,15.483,22.222,0
509,42.179,15.481,22.222,0
508,42.115,15.479,22.222,0
507,42.05,15.477,22.222,0
506,41.985,15.474,22.222,0
505,41.921,15.473,22.222,0
504,41.856,15.47,22.222,0
503,41.792,15.468,22.222,0
502,41.727,15.466,22.222,0
501,41.662,15.464,22.222,0
500,41.598,15.462,22.222,0
499,41.533,15.459,22.222,0
498,41.468,15.457,22.222,0
497,41.403,15.455,22.222,0
496,41.339,15.453,22.222,0
495,41.274,15.451,22.222,0
494,41.209,15.449,22.222,0
493,41.145,15.447,22.222,0
492,41.08,15.444,22.222,0
491,41.015,15.442,22.222,0
490,40.95,15.44,22.222,0
489,40.886,15.438,22.222,0
488,40.821,15.436,22.222,0
487,40.756,15.434,22.222,0
486,40.691,15.432,22.222,0
485,40.626,15.429,22.222,0
484,40.562,15.427,22.222,0
483,40.497,15.425,22.222,0
482,40.432,15.423,22.222,0
481,40.367,15.421,22.222,0
480,40.302,15.419,22.222,0
479,40.237,15.416,22.222,0
478,40.172,15.414,22.222,0
477,40.108,15.412,22.222,0
476,40.043,15.41,22.222,0
475,39.978,15.408,22.222,0
474,39.913,15.406,22.222,0
473,39.848,15.404,22.222,0
472,39.783,15.401,22.222,0
471,39.718,15.399,22.222,0
470,39.653,15.397,22.222,0
469,39.588,15.395,22.222,0
468,39.523,15.393,22.222,0
467,39.458,15.391,22.222,0
466,39.393,15.389,22.222,0
465,39.328,15.386,22.222,0
464,39.263,15.384,22.222,0
463,39.198,15.382,22.222,0
462,39.133,15.38,22.222,0
461,39.068,15.378,22.222,0
460,39.003,15.376,22.222,0
459,38.938,15.374,22.222,0
458,38.873,15.371,22.222,0
457,38.808,15.369,22.222,0
456,38.743,15.367,22.222,0
455,38.678,15.365,22.222,0
454,38.613,15.363,22.222,0
453,38.548,15.361,22.222,0
452,38.483,15.358,22.222,0
451,38.418,15.356,22.222,0
450,38.352,15.354,22.222,0
449,38.287,15.352,22.222,0
448,38.222,15.35,22.222,0
447,38.157,15.348,22.222,0
446,38.092,15.346,22.222,0
445,38.027,15.343,22.222,0
444,37.962,15.341,22.222,0
443,37.896,15.339,22.222,0
442,37.831,15.337,22.222,0
441,37.766,15.335,22.222,0
440,37.701,15.332,22.222,0
439,37.635,15.331,22.222,0
438,37.57,15.328,22.222,0
437,37.505,15.326,22.222,0
436,37.44,15.324,22.222,0
435,37.374,15.322,22.222,0
434,37.309,15.32,22.222,0
433,37.244,15.317,22.222,0
432,37.179,15.315,22.222,0
431,37.113,15.313,22.222,0
430,37.048,15.311,22.222,0
429,36.983,15.309,22.222,0
428,36.917,15.307,22.222,0
427,36.852,15.305,22.222,0
426,36.787,15.302,22.222,0
425,36.721,15.3,22.222,0
424,36.656,15.298,22.222,0
423,36.591,15.296,22.222,0
422,36.525,15.294,22.222,0
421,36.46,15.292,22.222,0
420,36.394,15.289,22.222,0
419,36.329,15.287,22.222,0
418,36.264,15.285,22.222,0
417,36.198,15.283,22.222,0
416,36.133,15.281,22.222,0
415,36.067,15.279,22.222,0
414,36.002,15.277,22.222,0
413,35.936,15.274,22.222,0
412,35.871,15.272,22.222,0
411,35.805,15.27,22.222,0
410,35.74,15.268,22.222,0
409,35.674,15.266,22.222,0
408,35.609,15.264,22.222,0
407,35.543,15.261,22.222,0
406,35.478,15.259,22.222,0
405,35.412,15.257,22.222,0
404,35.347,15.255,22.222,0
403,35.281,15.253,22.222,0
402,35.216,15.251,22.222,0
401,35.15,15.249,22.222,0
400,35.085,15.246,22.222,0
399,35.019,15.244,22.222,0
398,34.953,15.242,22.222,0
397,34.888,15.24,22.222,0
396,34.822,15.238,22.222,0
395,34.756,15.236,22.222,0
394,34.691,15.233,22.222,0
393,34.625,15.231,22.222,0
392,34.56,15.229,22.222,0
391,34.494,15.227,22.222,0
390,34.428,15.225,22.222,0
389,34.362,15.223,22.222,0
388,34.297,15.221,22.222,0
387,34.231,15.218,22.222,0
386,34.165,15.216,22.222,0
385,34.1,15.214,22.222,0
384,34.034,15.212,22.222,0
383,33.968,15.21,22.222,0
382,33.902,15.207,22.222,0
381,33.837,15.206,22.222,0
380,33.771,15.203,22.222,0
379,33.705,15.201,22.222,0
378,33.639,15.199,22.222,0
377,33.574,15.197,22.222,0
376,33.508,15.195,22.222,0
375,33.442,15.192,22.222,0
374,33.376,15.19,22.222,0
373,33.31,15.188,22.222,0
372,33.244,15.186,22.222,0
371,33.179,15.184,22.222,0
370,33.113,15.182,22.222,0
369,33.047,15.179,22.222,0
368,32.981,15.178,22.222,0
367,32.915,15.175,22.222,0
366,32.849,15.173,22.222,0
365,32.783,15.171,22.222,0
364,32.717,15.169,22.222,0
363,32.651,15.167,22.222,0
362,32.585,15.164,22.222,0
361,32.519,15.162,22.222,0
360,32.453,15.16,22.222,0
359,32.388,15.158,22.222,0
358,32.322,15.156,22.222,0
357,32.256,15.154,22.222,0
356,32.19,15.151,22.222,0
355,32.124,15.149,22.222,0
354,32.058,15.147,22.222,0
353,31.992,15.145,22.222,0
352,31.925,15.143,22.222,0
351,31.859,15.141,22.222,0
350,31.793,15.139,22.222,0
349,31.727,15.136,22.222,0
348,31.661,15.134,22.222,0
347,31.595,15.132,22.222,0
346,31.529,15.13,22.222,0
345,31.463,15.128,22.222,0
344,31.397,15.126,22.222,0
343,31.331,15.123,22.222,0
342,31.265,15.121,22.222,0
341,31.199,15.119,22.222,0
340,31.132,15.117,22.222,0
339,31.066,15.115,22.222,0
338,31,15.113,22.222,0
337,30.934,15.11,22.222,0
336,30.868,15.108,22.222,0
335,30.801,15.106,22.222,0
334,30.735,15.104,22.222,0
333,30.669,15.102,22.222,0
332,30.603,15.1,22.222,0
331,30.537,15.098,22.222,0
330,30.47,15.095,22.222,0
329,30.404,15.093,22.222,0
328,30.338,15.091,22.222,0
327,30.272,15.089,22.222,0
326,30.205,15.087,22.222,0
325,30.139,15.084,22.222,0
324,30.073,15.082,22.222,0
323,30.006,15.08,22.222,0
322,29.94,15.078,22.222,0
321,29.874,15.076,22.222,0
320,29.807,15.074,22.222,0
319,29.741,15.071,22.222,0
318,29.675,15.069,22.222,0
317,29.608,15.067,22.222,0
316,29.542,15.065,22.222,0
315,29.476,15.063,22.222,0
314,29.409,15.061,22.222,0
313,29.343,15.059,22.222,0
312,29.276,15.056,22.222,0
311,29.21,15.054,22.222,0
310,29.144,15.052,22.222,0
309,29.077,15.05,22.222,0
308,29.011,15.048,22.222,0
307,28.944,15.046,22.222,0
306,28.878,15.043,22.222,0
305,28.811,15.041,22.222,0
304,28.745,15.039,22.222,0
303,28.678,15.037,22.222,0
302,28.612,15.035,22.222,0
301,28.545,15.032,22.222,0
300,28.479,15.03,22.222,0
299,28.412,15.028,22.222,0
298,28.346,15.026,22.222,0
297,28.279,15.024,22.222,0
296,28.213,15.022,22.222,0
295,28.146,15.019,22.222,0
294,28.079,15.018,22.222,0
293,28.013,15.015,22.222,0
292,27.946,15.013,22.222,0
291,27.88,15.011,22.222,0
290,27.813,15.009,22.222,0
289,27.746,15.007,22.222,0
288,27.68,15.004,22.222,0
287,27.613,15.002,22.222,0
286,27.546,15,22.222,0
285,27.48,14.998,22.222,0
284,27.413,14.996,22.222,0
283,27.346,14.994,22.222,0
282,27.28,14.991,22.222,0
281,27.213,14.989,22.222,0
280,27.146,14.987,22.222,0
279,27.079,14.985,22.222,0
278,27.013,14.983,22.222,0
277,26.946,14.981,22.222,0
276,26.879,14.978,22.222,0
275,26.812,14.976,22.222,0
274,26.746,14.974,22.222,0
273,26.679,14.972,22.222,0
272,26.612,14.97,22.222,0
271,26.545,14.968,22.222,0
270,26.478,14.966,22.222,0
269,26.412,14.963,22.222,0
268,26.345,14.961,22.222,0
267,26.278,14.959,22.222,0
266,26.211,14.957,22.222,0
265,26.144,14.955,22.222,0
264,26.077,14.953,22.222,0
263,26.01,14.95,22.222,0
262,25.944,14.948,22.222,0
261,25.877,14.946,22.222,0
260,25.81,14.944,22.222,0
259,25.743,14.942,22.222,0
258,25.676,14.939,22.222,0
257,25.609,14.937,22.222,0
256,25.542,14.935,22.222,0
255,25.475,14.933,22.222,0
254,25.408,14.931,22.222,0
253,25.341,14.929,22.222,0
252,25.274,14.926,22.222,0
251,25.207,14.924,22.222,0
250,25.14,14.922,22.222,0
249,25.073,14.92,22.222,0
248,25.006,14.918,22.222,0
247,24.939,14.916,22.222,0
246,24.872,14.913,22.222,0
245,24.805,14.911,22.222,0
244,24.738,14.909,22.222,0
243,24.671,14.907,22.222,0
242,24.604,14.905,22.222,0
241,24.537,14.902,22.222,0
240,24.469,14.9,22.222,0
239,24.402,14.898,22.222,0
238,24.335,14.896,22.222,0
237,24.268,14.894,22.222,0
236,24.201,14.892,22.222,0
235,24.134,14.889,22.222,0
234,24.067,14.887,22.222,0
233,23.999,14.885,22.222,0
232,23.932,14.883,22.222,0
231,23.865,14.881,22.222,0
230,23.798,14.879,22.222,0
229,23.731,14.877,22.222,0
228,23.663,14.874,22.222,0
227,23.596,14.872,22.222,0
226,23.529,14.87,22.222,0
225,23.462,14.868,22.222,0
224,23.394,14.866,22.222,0
223,23.327,14.864,22.222,0
222,23.26,14.861,22.222,0
221,23.193,14.859,22.222,0
220,23.125,14.857,22.222,0
219,23.058,14.855,22.222,0
218,22.991,14.853,22.222,0
217,22.923,14.851,22.222,0
216,22.856,14.848,22.222,0
215,22.789,14.846,22.222,0
214,22.721,14.844,22.222,0
213,22.654,14.842,22.222,0
212,22.586,14.84,22.222,0
211,22.519,14.837,22.222,0
210,22.452,14.835,22.222,0
209,22.384,14.833,22.222,0
208,22.317,14.831,22.222,0
207,22.249,14.829,22.222,0
206,22.182,14.827,22.222,0
205,22.115,14.824,22.222,0
204,22.047,14.822,22.222,0
203,21.98,14.82,22.222,0
202,21.912,14.818,22.222,0
201,21.845,14.816,22.222,0
200,21.777,14.814,22.222,0
199,21.71,14.811,22.222,0
198,21.642,14.809,22.222,0
197,21.575,14.807,22.222,0
196,21.507,14.805,22.222,0
195,21.439,14.803,22.222,0
194,21.372,14.801,22.222,0
193,21.304,14.798,22.222,0
192,21.237,14.796,22.222,0
191,21.169,14.794,22.222,0
190,21.102,14.792,22.222,0
189,21.034,14.79,22.222,0
188,20.966,14.787,22.222,0
187,20.899,14.785,22.222,0
186,20.831,14.783,22.222,0
185,20.763,14.781,22.222,0
184,20.696,14.779,22.222,0
183,20.628,14.777,22.222,0
182,20.56,14.774,22.222,0
181,20.493,14.772,22.222,0
180,20.425,14.77,22.222,0
179,20.357,14.768,22.222,0
178,20.29,14.766,22.222,0
177,20.222,14.764,22.222,0
176,20.154,14.761,22.222,0
175,20.086,14.759,22.222,0
174,20.019,14.757,22.222,0
173,19.951,14.755,22.222,0
172,19.883,14.753,22.222,0
171,19.815,14.751,22.222,0
170,19.747,14.748,22.222,0
169,19.68,14.746,22.222,0
168,19.612,14.744,22.222,0
167,19.544,14.742,22.222,0
166,19.476,14.74,22.222,0
165,19.408,14.737,22.222,0
164,19.34,14.735,22.222,0
163,19.273,14.733,22.222,0
162,19.205,14.731,22.222,0
161,19.137,14.729,22.222,0
160,19.069,14.727,22.222,0
159,19.001,14.724,22.222,0
158,18.933,14.722,22.222,0
157,18.865,14.72,22.222,0
156,18.797,14.718,22.222,0
155,18.729,14.716,22.222,0
154,18.661,14.714,22.222,0
153,18.593,14.711,22.222,0
152,18.525,14.709,22.222,0
151,18.457,14.707,22.222,0
150,18.389,14.705,22.222,0
149,18.321,14.703,22.222,0
148,18.253,14.701,22.222,0
147,18.185,14.698,22.222,0
146,18.117,14.696,22.222,0
145,18.049,14.694,22.222,0
144,17.981,14.692,22.222,0
143,17.913,14.689,22.222,0
142,17.845,14.688,22.222,0
141,17.777,14.685,22.222,0
140,17.709,14.683,22.222,0
139,17.641,14.681,22.222,0
138,17.573,14.679,22.222,0
137,17.504,14.676,22.222,0
136,17.436,14.674,22.222,0
135,17.368,14.672,22.222,0
134,17.3,14.67,22.222,0
133,17.232,14.668,22.222,0
132,17.164,14.666,22.222,0
131,17.095,14.663,22.222,0
130,17.027,14.661,22.222,0
129,16.959,14.659,22.222,0
128,16.891,14.657,22.222,0
127,16.823,14.655,22.222,0
126,16.754,14.652,22.222,0
125,16.686,14.65,22.222,0
124,16.618,14.648,22.222,0
123,16.55,14.646,22.222,0
122,16.481,14.644,22.222,0
121,16.413,14.642,22.222,0
120,16.345,14.639,22.222,0
119,16.276,14.637,22.222,0
118,16.208,14.635,22.222,0
117,16.14,14.633,22.222,0
116,16.071,14.631,22.222,0
115,16.003,14.629,22.222,0
114,15.935,14.626,22.222,0
113,15.866,14.624,22.222,0
112,15.798,14.622,22.222,0
111,15.729,14.62,22.222,0
110,15.661,14.618,22.222,0
109,15.593,14.616,22.222,0
108,15.524,14.613,22.222,0
107,15.456,14.611,22.222,0
106,15.387,14.609,22.222,0
105,15.319,14.607,22.222,0
104,15.25,14.604,22.222,0
103,15.182,14.603,22.222,-0.44887
102,15.113,14.573,22.222,-1
101,15.045,14.509,22.222,-1
100,14.976,14.445,22.222,-1
99,14.906,14.38,22.222,-1
98,14.836,14.313,22.222,-1
97,14.766,14.246,22.222,-1
96,14.696,14.178,22.222,-1
95,14.625,14.109,22.222,-1
94,14.554,14.039,22.222,-1
93,14.483,13.968,22.222,-1
92,14.411,13.896,22.222,-1
91,14.339,13.823,22.222,-1
90,14.266,13.749,22.222,-1
89,14.194,13.673,22.222,-1
88,14.12,13.596,22.222,-1
87,14.046,13.518,22.222,-1
86,13.972,13.439,22.222,-1
85,13.898,13.359,22.222,-1
84,13.823,13.279,22.222,-1
83,13.747,13.198,22.222,-1
82,13.671,13.117,22.222,-1
81,13.595,13.036,22.222,-1
80,13.518,12.954,22.222,-1
79,13.44,12.871,22.222,-1
78,13.362,12.788,22.222,-1
77,13.284,12.704,22.222,-1
76,13.205,12.62,22.222,-1
75,13.125,12.535,22.222,-1
74,13.045,12.45,22.222,-1
73,12.965,12.364,22.222,-1
72,12.883,12.277,22.222,-1
71,12.802,12.191,22.222,-1
70,12.719,12.103,22.222,-1
69,12.636,12.014,22.222,-1
68,12.553,11.926,22.222,-1
67,12.469,11.836,22.222,-1
66,12.384,11.746,22.222,-1
65,12.298,11.654,22.222,-1
64,12.212,11.563,22.222,-1
63,12.125,11.47,22.222,-1
62,12.038,11.377,22.222,-1
61,11.95,11.283,22.222,-1
60,11.861,11.188,22.222,-1
59,11.771,11.093,22.222,-1
58,11.68,10.997,22.222,-1
57,11.589,10.899,22.222,-1
56,11.497,10.801,22.222,-1
55,11.404,10.703,22.222,-1
54,11.31,10.602,22.222,-1
53,11.215,10.502,22.222,-1
52,11.12,10.4,22.222,-1
51,11.023,10.297,22.222,-1
50,10.925,10.194,22.222,-1
49,10.827,10.089,22.222,-1
48,10.727,9.9828,22.222,-1
47,10.626,9.8758,22.222,-1
46,10.524,9.7678,22.222,-1
45,10.422,9.6583,22.222,-1
44,10.317,9.5478,22.222,-1
43,10.212,9.4358,22.222,-1
42,10.105,9.3225,22.222,-1
41,9.9975,9.2081,22.222,-1
40,9.8882,9.0919,22.222,-1
39,9.7775,8.9744,22.222,-1
38,9.6653,8.8553,22.222,-1
37,9.5516,8.7347,22.222,-1
36,9.4363,8.6122,22.222,-1
35,9.3194,8.4883,22.222,-1
34,9.2007,8.3622,22.222,-1
33,9.0802,8.2344,22.222,-1
32,8.9578,8.1047,22.222,-1
31,8.8334,7.9728,22.222,-1
30,8.7069,7.8386,22.222,-1
29,8.5782,7.7022,22.222,-1
28,8.4472,7.5633,22.222,-1
27,8.3137,7.4219,22.222,-1
26,8.1777,7.2778,22.222,-1
25,8.0388,7.1306,22.222,-1
24,7.8971,6.9806,22.222,-1
23,7.7523,6.8269,22.222,-1
22,7.6041,6.67,22.222,-1
21,7.4523,6.5094,22.222,-1
20,7.2967,6.3447,22.222,-1
19,7.137,6.1756,22.222,-1
18,6.9728,6.0017,22.222,-1
17,6.8036,5.8228,22.222,-1
16,6.6291,5.6381,22.222,-1
15,6.4487,5.4472,22.222,-1
14,6.2617,5.2494,22.222,-1
13,6.0674,5.0439,22.222,-1
12,5.8648,4.8297,22.222,-1
11,5.6529,4.6056,22.222,-1
10,5.43,4.37,22.222,-1
9,5.1945,4.1211,22.222,-1
8,4.9438,3.8561,22.222,-1
7,4.6745,3.5717,22.222,-1
6,4.3819,3.2628,22.222,-1
5,4.0585,2.9211,22.222,-1
4,3.6919,2.5342,22.222,-1
3,3.2581,2.0764,22.222,-1
2,2.6964,1.4838,22.222,-1
1,1.9067,1.0489,22.222,-1
